	GunId	Name	Desc	Model	GunIcon	GunType	BulletType	AdapedtBullet	BulletPerShoot	MaxBulletNum	ShootRange	PrepareTime	CdTime	SniperDistance	MouseSensitivity	Damage	KnockBackDistance	SoundType	SwitchMagazineAction	EmptySoundType	BulletOffset	SwitchClipSoundType	PreviewMesh	BulletSpeed	ReloadTime	Recoil	FPVEffect	TPVEffect	CrossHairMoveSpeed	CrossHairMoveDistance	HeadshotDamage	BulletEffect	FlameEffect	ExplosionEffect	IsPiercing	ExplosionRange	GravityVelocity	BounceTimes	IsAutoShoot	UIBulletEffect	UIBulletEffectOffset	UIFlameEffect	UIFlameEffectOffset
дёӯж–ҮеӨҮжіЁ	жһӘжў°йҒ“е…·Id(426~440,700~714)-256 ) 	еӨҡиҜӯиЁҖеҗҚз§°	еӨҡиҜӯиЁҖжҸҸиҝ°	еҜ№еә”жЁЎеһӢ	еҜ№еә”Itemеӣҫж Ү	жһӘжў°зұ»еһӢ(1жүӢжһӘ/2жӯҘжһӘ/3зӢҷеҮ»жһӘ/4ж•Јеј№жһӘ/5еҶІй”ӢжһӘ)	еӯҗеј№зұ»еһӢ(е®һдҪ“/иҷҡжӢҹ)	йҖӮй…Қеӯҗеј№Id(185+256~194+256)	еҮ»еҸ‘еӯҗеј№ж•°йҮҸ	жңҖеӨ§еӯҗеј№ж•°йҮҸ	е°„зЁӢ	и“„еҠӣж—¶й—ҙ	е°„йҖҹ	зӢҷеҮ»и·қзҰ»	йј ж ҮзҒөж•ҸеәҰ	дјӨе®і	еҮ»йҖҖеҠӣ	е°„еҮ»йҹіж•Ҳ	жҚўеј№еҢЈеҠЁдҪң	з©әеҸ‘йҹіж•Ҳ	еӯҗеј№еҒҸз§»	жҚўеј№еҢЈйҹіж•Ҳ	йў„и§ҲMesh	еӯҗеј№йҖҹеәҰ(жҜҸtickеҮ зұі,1з§’20дёӘtick)	жҚўеј№еҢЈж—¶й—ҙ(еӨҡе°‘дёӘtick)	еҗҺеә§еҠӣ	з¬¬дёҖдәәз§°зү№ж•ҲеҸӮж•°пјҲзңјзқӣеҒҸз§»#еҗ‘еҸіеҒҸз§»#дёӢйқўеҒҸз§»#зј©ж”ҫпјү	з¬¬дёүдәәз§°зү№ж•ҲеҸӮж•°пјҲзңјзқӣеҒҸз§»#еҗ‘еҸіеҒҸз§»#дёӢйқўеҒҸз§»#зј©ж”ҫпјү	еҮҶжҳҹз§»еҠЁйҖҹеәҰ	еҮҶжҳҹз§»еҠЁи·қзҰ»	зҲҶеӨҙдјӨе®і	еј№йҒ“зү№ж•Ҳ	жһӘзҒ«зү№ж•Ҳ	зҲҶзӮёзү№ж•Ҳ	еӯҗеј№з©ҝйҖҸ	зҲҶзӮёиҢғеӣҙ	йҮҚеҠӣйҖҹеәҰ	еӯҗеј№еҸҚеј№ж¬Ўж•°	иҮӘеҠЁе°„еҮ»	UIеј№йҒ“зү№ж•Ҳ	UIеј№йҒ“зү№ж•ҲеҒҸз§»еҸӮж•°	UIжһӘзҒ«зү№ж•Ҳ	UIжһӘзҒ«зү№ж•ҲеҒҸз§»еҸӮж•°
жүӢжһӘ	426	gui_gun_name_1	gui_gun_desc_1	gun_01.mesh	gun01	1	1	441	1	50	50	0	0.5	10	0.2	1	1	120	pistol_reload	125	28	126	gun.1	8	10	0.2	0.85#0.42#0.13#1	1.08#-0.1#0.35#1	0	0	5	default	default	none	0	0	0	0	0	default	1.0#0.55#0.19#1	default	1.0#0.55#0.19#1
AK47	427	gui_gun_name_2	gui_gun_desc_2	gun_02.mesh	gun02	2	1	442	1	50	120	0	0.3	0	0.2	1.5	2	121	smg_reload	125	16	127	gun.2	12	20	0.2	1.3#0.42#0.05#1.5	0.85#0.33#0.62#1	0	0	5	default	default	none	0	0	0	0	0	default	1.0#0.55#0.19#1	default	1.0#0.55#0.19#1
еҶІй”ӢжһӘ	428	gui_gun_name_3	gui_gun_desc_3	gun_03.mesh	gun03	5	1	442	1	50	100	0	0.15	0	0.2	1	1	122	smg_reload	125	22	127	gun.3	9	20	0.2	1.3#0.52#0.2#2	0.6#0.24#0.62#1.5	0	0	5	default	default	none	0	0	0	0	0	default	1.0#0.55#0.19#1	default	1.0#0.55#0.19#1
ж•Јеј№жһӘ	429	gui_gun_name_4	gui_gun_desc_4	gun_04.mesh	gun04	4	1	444	1	20	50	0	1.5	0	0.2	5	1	123	smg_reload	125	60	127	gun.4	8	30	0.2	1.3#0.45#0.13#2	0.75#0.27#0.6#1.5	0	0	5	default	default	none	0	0	0	0	0	default	1.0#0.55#0.19#1	default	1.0#0.55#0.19#1
зӢҷеҮ»жһӘ	430	gui_gun_name_6	gui_gun_desc_6	gun_06.mesh	gun06	3	1	446	1	20	200	0	2	8	0.2	12	2	124	smg_reload	125	10	127	gun.5	12	30	0.2	3#0.47#0.3#4	1.4#0.26#0.66#1.5	0	0	5	default	default	none	0	0	0	0	0	default	1.0#0.55#0.19#1	default	1.0#0.55#0.19#1
M4A1	431	gui_gun_name_9	gui_gun_desc_9	gun_09.mesh	gun09	2	1	442	1	50	150	0	0.25	0	0.2	13	0	134	smg_reload	125	14	127	gun.6	12	20	0.2	3#0.7#0.4#4	1.05#0.26#0.66#1.5	0	0	5	default	default	none	0	0	0	0	0	default	1.0#0.55#0.19#1	default	1.0#0.55#0.19#1
98K	432	gui_gun_name_8	gui_gun_desc_8	gun_08.mesh	gun08	3	1	446	1	20	500	0	3	10	0.2	140	0	132	smg_reload	125	8	127	gun.7	13	40	0.2	3#0.47#0.25#4	1.4#0.24#0.64#1.5	0	0	5	default	default	none	0	0	0	0	0	default	1.0#0.55#0.19#1	default	1.0#0.55#0.19#1
еҠ зү№жһ—	433	gui_gun_name_11	gui_gun_desc_11	gun_11.mesh	gun11	2	1	442	1	50	150	0	0.1	0	0.2	20	0	130	smg_reload	125	35	131	gun.8	12	60	0.2	3#0.47#0.8#5	1.47#0.24#0.96#1.5	0	0	5	default	default	none	0	0	0	0	0	default	1.0#0.55#0.19#1	default	1.0#0.55#0.19#1
е·ҙйӣ·зү№	434	gui_gun_name_10	gui_gun_desc_10	gun_10.mesh	gun10	3	1	446	1	20	500	0	3	12	0.2	250	0	133	smg_reload	125	6	127	gun.9	14	50	0.2	3#0.35#0.25#4	1.47#0.2#0.6#1.5	0	0	5	default	default	none	0	0	0	0	0	default	1.0#0.55#0.19#1	default	1.0#0.55#0.19#1
R1895жүӢжһӘ	435	gui_gun_name_37	gui_gun_desc_37	gun_37.mesh	gun37	1	1	441	1	50	50	0	0.5	0	0.2	1	1	120	pistol_reload	125	28	126	gun.37	8	10	0.2	1.5#0.72#0.46#1	1.3#-0.07#0.2#1	0	0	5	default	default	none	0	0	0	0	0	default	1.0#0.55#0.19#1	default	1.0#0.55#0.19#1
Micro UziеҶІй”ӢжһӘ	436	gui_gun_name_27	gui_gun_desc_27	gun_27.mesh	gun27	5	1	442	1	50	100	0	0.15	0	0.2	1	1	122	smg_reload	125	22	127	gun.27	9	20	0.2	1#0.4#0.2#1	0.6#0.24#0.65#1	0	0	5	default	default	none	0	0	0	0	0	default	1.0#0.55#0.19#1	default	1.0#0.55#0.19#1
SearsRangerйң°еј№жһӘ	437	gui_gun_name_36	gui_gun_desc_36	gun_36.mesh	gun36	4	1	444	1	20	50	0	1.5	0	0.2	5	1	132	smg_reload	125	60	126	gun.36	8	30	0.2	1#0.39#0.32#2	0.9#0.3#0.7#2	5	50	5	default	default	none	0	0	0	0	0	default	1.0#0.55#0.19#1	default	1.0#0.55#0.19#1
DessertEagleжүӢжһӘ	438	gui_gun_name_38	gui_gun_desc_38	gun_38.mesh	gun38	1	1	441	1	50	50	0	0.5	0	0.2	1	1	120	pistol_reload	125	28	126	gun.38	8	10	0.2	1#0.5#0.35#1.5	0.6#0.35#0.8#1	2	35	5	default	default	none	0	0	0	0	0	default	1.0#0.55#0.19#1	default	1.0#0.55#0.19#1
Tommy GunеҶІй”ӢжһӘ	439	gui_gun_name_25	gui_gun_desc_25	gun_25.mesh	gun25	5	1	442	1	50	100	0	0.15	0	0.2	1	1	122	smg_reload	125	22	127	gun.25	9	20	0.2	2#0.55#0.35#2.5	0.9#0.2#0.68#1	0	0	5	default	default	none	0	0	0	0	0	default	1.0#0.55#0.19#1	default	1.0#0.55#0.19#1
M1014йң°еј№жһӘ	440	gui_gun_name_29	gui_gun_desc_29	gun_29.mesh	gun29	4	1	444	1	20	50	0	0.5	0	0.2	5	1	132	smg_reload	125	60	127	gun.29	8	30	0.2	2#0.5#0.25#2.5	1.05#0.22#0.64#1	5	50	5	default	default	none	0	0	0	0	0	default	1.0#0.55#0.19#1	default	1.0#0.55#0.19#1
Type100еҶІй”ӢжһӘ	700	gui_gun_name_28	gui_gun_desc_28	gun_28.mesh	gun28	5	1	442	1	50	100	0	0.15	0	0.2	1	1	122	smg_reload	125	22	127	gun.28	9	20	0.2	3#0.5#0.3#3	1.2#0.2#0.7#1	0	0	5	default	default	none	0	0	0	0	0	default	1.0#0.55#0.19#1	default	1.0#0.55#0.19#1
MK5еҶІй”ӢжһӘ	701	gui_gun_name_34	gui_gun_desc_34	gun_34.mesh	gun34	5	1	442	1	50	100	0	0.15	0	0.2	1	1	122	smg_reload	125	22	127	gun.34	9	20	0.2	1.3#0.4#0.3#1.5	0.85#0.24#0.81#1	0	0	5	default	default	none	0	0	0	0	0	default	1.0#0.55#0.19#1	default	1.0#0.55#0.19#1
M16A4жӯҘжһӘ	702	gui_gun_name_23	gui_gun_desc_23	gun_23.mesh	gun23	2	1	442	1	50	120	0	0.3	0	0.2	1.5	2	121	smg_reload	125	16	127	gun.23	12	20	0.2	2#0.46#0.3#2	1.1#0.24#0.75#1	0	0	5	default	default	none	0	0	0	0	0	default	1.0#0.55#0.19#1	default	1.0#0.55#0.19#1
AA12йң°еј№жһӘ	703	gui_gun_name_35	gui_gun_desc_35	gun_35.mesh	gun35	4	1	444	1	20	50	0	1.5	0	0.2	5	1	123	smg_reload	125	60	127	gun.35	8	30	0.2	1.8#0.5#0.29#2	1#0.24#0.75#1.5	0	0	5	default	default	none	0	0	0	0	0	default	1.0#0.55#0.19#1	default	1.0#0.55#0.19#1
VectorеҶІй”ӢжһӘ	704	gui_gun_name_26	gui_gun_desc_26	gun_26.mesh	gun26	5	1	443	1	50	100	0	0.15	0	0.2	1	1	122	smg_reload	125	22	127	gun.26	9	20	0.2	1.8#0.5#0.4#2	0.94#0.24#0.8#1.5	0	0	5	default	default	none	0	0	0	0	0	default	1.0#0.55#0.19#1	default	1.0#0.55#0.19#1
GrozaжӯҘжһӘ	705	gui_gun_name_24	gui_gun_desc_24	gun_24.mesh	gun24	2	1	442	1	50	120	0	0.3	0	0.2	1.5	2	121	smg_reload	125	16	127	gun.24	12	20	0.2	1.8#0.58#0.4#3	0.83#0.2#0.77#1.5	0	0	5	default	default	none	0	0	0	0	0	default	1.0#0.55#0.19#1	default	1.0#0.55#0.19#1
DP-28жңәжһӘ	706	gui_gun_name_18	gui_gun_desc_18	gun_18.mesh	gun18	2	1	442	1	50	120	0	0.3	0	0.2	1.5	2	121	smg_reload	125	16	127	gun.18	12	20	0.2	2#0.4#0.2#2	1.2#0.22#0.74#1.5	0	0	5	default	default	none	0	0	0	0	0	default	1.0#0.55#0.19#1	default	1.0#0.55#0.19#1
SCAR-LжӯҘжһӘ	707	gui_gun_name_33	gui_gun_desc_33	gun_33.mesh	gun33	2	1	442	1	50	120	0	0.3	0	0.2	1.5	2	121	smg_reload	125	16	127	gun.33	12	20	0.2	1.8#0.5#0.3#1.8	0.85#0.22#0.74#1.5	0	0	5	default	default	none	0	0	0	0	0	default	1.0#0.55#0.19#1	default	1.0#0.55#0.19#1
85зӢҷеҮ»жһӘ	708	gui_gun_name_13	gui_gun_desc_13	gun_13.mesh	gun13	3	1	446	1	20	200	0	2	8	0.2	12	2	124	smg_reload	125	10	127	gun.13	12	30	0.2	3.5#0.55#0.3#2.5	1.4#0.25#0.7#1	0	0	5	default	default	none	0	0	0	0	0	default	1.0#0.55#0.19#1	default	1.0#0.55#0.19#1
95жӯҘжһӘ	709	gui_gun_name_21	gui_gun_desc_21	gun_21.mesh	gun21	2	1	442	1	50	120	0	0.3	0	0.2	1.5	2	121	smg_reload	125	16	127	gun.21	12	20	0.2	3.5#0.85#0.4#2.5	1#0.23#0.72#1	0	0	5	default	default	none	0	0	0	0	0	default	1.0#0.55#0.19#1	default	1.0#0.55#0.19#1
M1941жңәжһӘ	710	gui_gun_name_17	gui_gun_desc_17	gun_17.mesh	gun17	2	1	442	1	50	120	0	0.3	0	0.2	1.5	2	121	smg_reload	125	16	127	gun.17	12	20	0.2	3.5#0.6#0.43#3	1.25#0.2#0.75#1	0	0	5	default	default	none	0	0	0	0	0	default	1.0#0.55#0.19#1	default	1.0#0.55#0.19#1
W2000зӢҷеҮ»жһӘ	711	gui_gun_name_20	gui_gun_desc_20	gun_20.mesh	gun20	3	1	446	1	20	200	0	2	8	0.2	12	2	124	smg_reload	125	10	127	gun.20	12	30	0.2	3.5#1#0.5#3.5	0.9#0.23#0.74#1	0	0	5	default	default	none	0	0	0	0	0	default	1.0#0.55#0.19#1	default	1.0#0.55#0.19#1
AUG A3жӯҘжһӘ	712	gui_gun_name_31	gui_gun_desc_31	gun_31.mesh	gun31	2	1	442	1	50	120	0	0.3	0	0.2	1.5	2	121	smg_reload	125	16	127	gun.31	12	20	0.2	3.5#1.1#0.35#3.5	0.8#0.23#0.67#1	0	0	5	default	default	none	0	0	0	0	0	default	1.0#0.55#0.19#1	default	1.0#0.55#0.19#1
MK14жӯҘжһӘ	713	gui_gun_name_19	gui_gun_desc_19	gun_19.mesh	gun19	2	1	442	1	50	120	0	0.3	0	0.2	1.5	2	121	smg_reload	125	16	127	gun.19	12	20	0.2	3.5#0.85#0.5#3.5	1.05#0.23#0.74#1	0	0	5	default	default	none	0	0	0	0	0	default	1.0#0.55#0.19#1	default	1.0#0.55#0.19#1
MK60жңәжһӘ	714	gui_gun_name_15	gui_gun_desc_15	gun_15.mesh	gun15	2	1	442	1	50	120	0	0.3	0	0.2	1.5	2	130	smg_reload	125	16	127	gun.15	12	20	0.2	3.5#0.65#0.35#3.5	1.23#0.23#0.73#1	2	40	5	default	default	none	0	0	0	0	0	default	1.0#0.55#0.19#1	default	1.0#0.55#0.19#1
жүӢзӮ®	1242	gui_gun_name_1	gui_gun_desc_1	weapon_03.mesh	weapon_03	1	1	441	1	10	50	0	0.5	0	1	1	2	120	pistol_reload	125	28	126	gun.1	8	10	0.2	0.3#0.12#0.14#1	1.2#0#0.4#2.1	0	0	5	default	default	none	0	0	0	0	0	default	1.0#0.55#0.19#1	default	1.0#0.55#0.19#1
AK-47жӯҘжһӘ	759	gui_gun_name_39	gui_gun_desc_39	gun_39.mesh	gun39	2	1	442	1	50	120	0	0.3	0	0.2	1.5	2	121	smg_reload	125	16	127	gun.39	12	20	0.2	3.5#0.85#0.65#3	1.1#0.25#0.82#1	2	35	5	default	default	none	0	0	0	0	0	default	1.0#0.55#0.19#1	default	1.0#0.55#0.19#1
AUGжӯҘжһӘ	760	gui_gun_name_40	gui_gun_desc_40	gun_40.mesh	gun40	2	1	442	1	50	120	0	0.3	0	0.2	1.5	2	121	smg_reload	125	16	127	gun.40	12	20	0.2	3.5#1#0.4#3	1#0.27#0.75#1	2	25	5	default	default	none	0	0	0	0	0	default	1.0#0.55#0.19#1	default	1.0#0.55#0.19#1
AWPзӢҷеҮ»жһӘ	761	gui_gun_name_41	gui_gun_desc_41	gun_41.mesh	gun41	3	1	446	1	20	200	0	2	8	0.2	12	2	133	smg_reload	125	10	127	gun.41	12	30	0.2	3.5#0.55#0.4#3	1.55#0.26#0.8#1	0	0	5	default	default	none	0	0	0	0	0	default	1.0#0.55#0.19#1	default	1.0#0.55#0.19#1
ж јжҙӣе…Ӣ	762	gui_gun_name_42	gui_gun_desc_42	gun_42.mesh	gun42	1	1	441	1	50	120	0	0.3	0	0.2	1.5	2	120	smg_reload	125	16	127	gun.42	12	20	0.2	1.5#0.85#0.47#1.5	1.07#-0.08#0.4#1	3	20	5	default	default	none	0	0	0	0	0	default	1.0#0.55#0.19#1	default	1.0#0.55#0.19#1
M4A1жӯҘжһӘ	763	gui_gun_name_43	gui_gun_desc_43	gun_43.mesh	gun43	2	1	442	1	50	120	0	0.3	0	0.2	1.5	2	121	smg_reload	125	16	127	gun.43	12	20	0.2	3.5#0.8#0.3#3.5	1.23#0.29#0.73#1	2	20	5	default	default	none	0	0	0	0	0	default	1.0#0.55#0.19#1	default	1.0#0.55#0.19#1
p90	764	gui_gun_name_44	gui_gun_desc_44	gun_44.mesh	gun44	5	1	443	1	20	200	0	2	8	0.2	12	2	122	smg_reload	125	10	127	gun.44	12	30	0.2	0.8#0.27#0.16#0.8	0.8#0.25#0.78#1	3	15	5	default	default	none	0	0	0	0	0	default	1.0#0.55#0.19#1	default	1.0#0.55#0.19#1
SSGзӢҷеҮ»жһӘ	765	gui_gun_name_45	gui_gun_desc_45	gun_45.mesh	gun45	3	1	446	1	50	120	0	0.3	0	0.2	1.5	2	124	smg_reload	125	16	127	gun.45	12	20	0.2	1.5#0.29#0.08#1.5	1.4#0.3#0.66#1	0	0	5	default	default	none	0	0	0	0	0	default	1.0#0.55#0.19#1	default	1.0#0.55#0.19#1
SGжӯҘжһӘ	766	gui_gun_name_46	gui_gun_desc_46	gun_46.mesh	gun46	2	1	442	1	50	120	0	0.3	0	0.2	1.5	2	121	smg_reload	125	16	127	gun.46	12	20	0.2	1.5#0.4#0.18#1.5	1.04#0.28#0.7#1	2	25	5	default	default	none	0	0	0	0	0	default	1.0#0.55#0.19#1	default	1.0#0.55#0.19#1
usp	767	gui_gun_name_47	gui_gun_desc_47	gun_47.mesh	gun47	1	1	441	1	50	120	0	0.3	0	0.2	1.5	2	120	smg_reload	125	16	127	gun.47	12	20	0.2	1.5#0.58#0.3#2	1.3#-0.21#0.4#1	3	20	5	default	default	none	0	0	0	0	0	default	1.0#0.55#0.19#1	default	1.0#0.55#0.19#1
uzi	768	gui_gun_name_48	gui_gun_desc_48	gun_48.mesh	gun48	5	1	443	1	50	120	0	0.3	0	0.2	1.5	2	122	smg_reload	125	16	127	gun.48	12	20	0.2	1.5#0.75#0.3#2	0.5#0.27#0.69#1	5	25	5	default	default	none	0	0	0	0	0	default	1.0#0.55#0.19#1	default	1.0#0.55#0.19#1
AK-47жӯҘжһӘ зҡ®иӮӨ	771	gui_gun_name_49	gui_gun_desc_39	gun_49.mesh	gun49	2	1	442	1	50	120	0	0.3	0	0.2	1.5	2	121	smg_reload	125	16	127	gun.49	12	20	0.2	3.5#0.85#0.65#3	1.1#0.25#0.82#1	2	35	5	default	default	none	0	0	0	0	0	default	1.0#0.55#0.19#1	default	1.0#0.55#0.19#1
AUGжӯҘжһӘ зҡ®иӮӨ	772	gui_gun_name_50	gui_gun_desc_40	gun_50.mesh	gun50	2	1	442	1	50	120	0	0.3	0	0.2	1.5	2	121	smg_reload	125	16	127	gun.50	12	20	0.2	3.5#1#0.59#3	1#0.27#0.75#1	2	25	5	default	default	none	0	0	0	0	0	default	1.0#0.55#0.19#1	default	1.0#0.55#0.19#1
AWPзӢҷеҮ»жһӘ зҡ®иӮӨ	773	gui_gun_name_51	gui_gun_desc_41	gun_51.mesh	gun51	3	1	446	1	20	200	0	2	8	0.2	12	2	133	smg_reload	125	10	127	gun.51	12	30	0.2	3.5#0.55#0.6#3	1.5#0.25#0.73#1	0	0	5	default	default	none	0	0	0	0	0	default	1.0#0.55#0.19#1	default	1.0#0.55#0.19#1
ж јжҙӣе…Ӣ зҡ®иӮӨ	774	gui_gun_name_52	gui_gun_desc_42	gun_52.mesh	gun52	1	1	441	1	50	120	0	0.3	0	0.2	1.5	2	120	smg_reload	125	16	127	gun.52	12	20	0.2	1.5#0.85#0.47#1.5	1.07#-0.08#0.4#1	3	20	5	default	default	none	0	0	0	0	0	default	1.0#0.55#0.19#1	default	1.0#0.55#0.19#1
M4A1жӯҘжһӘ зҡ®иӮӨ	775	gui_gun_name_53	gui_gun_desc_43	gun_53.mesh	gun53	2	1	442	1	50	120	0	0.3	0	0.2	1.5	2	121	smg_reload	125	16	127	gun.53	12	20	0.2	3.5#0.75#0.4#3.5	1.2#0.27#0.75#1	2	20	5	default	default	none	0	0	0	0	0	default	1.0#0.55#0.19#1	default	1.0#0.55#0.19#1
p90 зҡ®иӮӨ	776	gui_gun_name_54	gui_gun_desc_44	gun_54.mesh	gun54	5	1	443	1	20	200	0	2	8	0.2	12	2	122	smg_reload	125	10	127	gun.54	12	30	0.2	0.8#0.27#0.21#0.8	0.75#0.3#0.78#1	3	15	5	default	default	none	0	0	0	0	0	default	1.0#0.55#0.19#1	default	1.0#0.55#0.19#1
SSGзӢҷеҮ»жһӘ зҡ®иӮӨ	777	gui_gun_name_55	gui_gun_desc_45	gun_55.mesh	gun56	3	1	446	1	50	120	0	0.3	0	0.2	1.5	2	124	smg_reload	125	16	127	gun.55	12	20	0.2	1.5#0.29#0.08#1.5	1.4#0.3#0.66#1	0	0	5	default	default	none	0	0	0	0	0	default	1.0#0.55#0.19#1	default	1.0#0.55#0.19#1
SGжӯҘжһӘ зҡ®иӮӨ	778	gui_gun_name_56	gui_gun_desc_46	gun_56.mesh	gun55	2	1	442	1	50	120	0	0.3	0	0.2	1.5	2	121	smg_reload	125	16	127	gun.56	12	20	0.2	1.5#0.4#0.18#1.5	1.04#0.28#0.7#1	2	25	5	default	default	none	0	0	0	0	0	default	1.0#0.55#0.19#1	default	1.0#0.55#0.19#1
usp зҡ®иӮӨ	779	gui_gun_name_57	gui_gun_desc_47	gun_57.mesh	gun57	1	1	441	1	50	120	0	0.3	0	0.2	1.5	2	120	smg_reload	125	16	127	gun.57	12	20	0.2	1.5#0.58#0.3#2	1.3#-0.15#0.35#1	3	20	5	default	default	none	0	0	0	0	0	default	1.0#0.55#0.19#1	default	1.0#0.55#0.19#1
uzi зҡ®иӮӨ	780	gui_gun_name_58	gui_gun_desc_48	gun_58.mesh	gun58	5	1	443	1	50	120	0	0.3	0	0.2	1.5	2	122	smg_reload	125	16	127	gun.58	12	20	0.2	1.5#0.75#0.3#2	0.5#0.27#0.69#1	5	25	5	default	default	none	0	0	0	0	0	default	1.0#0.55#0.19#1	default	1.0#0.55#0.19#1
е…°еҚҡзҡ„жӯҘжһӘ	794	gui_gun_name_59	gui_gun_desc_59	gun_59.mesh	gun_59	6	1	442	1	25	500	0	0.36	0	0.2	2	0	121	smg_reload	125	0	126	gun.59	6	24	0.2	1#0.32#0.13#1	0.9#0.27#0.7#1	2	35	2	default	default	none	0	0	0	0	1	default	1.0#0.55#0.19#1	default	1.0#0.55#0.19#1
зӢҷеҮ»жӯҘжһӘ	795	gui_gun_name_60	gui_gun_desc_60	gun_60.mesh	gun_60	6	1	442	1	25	500	0	0.36	0	0.2	3	0	121	smg_reload	125	0	127	gun.60	6	24	0.2	1#0.33#0.2#1	0.85#0.28#0.75#1	2	35	5	default	default	none	0	0	0	0	1	default	1.0#0.55#0.19#1	default	1.0#0.55#0.19#1
SGжӯҘжһӘ	796	gui_gun_name_72	gui_gun_desc_72	gun_72.mesh	gun_72	6	1	442	1	40	500	0	0.13	4	0.2	2	0	121	smg_reload	125	0	127	gun.72	6	36	0.2	1#0.28#0.13#1	1#0.28#0.73#1	2	35	1	default	default	none	0	0	0	0	1	default	1.0#0.55#0.19#1	default	1.0#0.55#0.19#1
е№Іжү°иҖ…	797	gui_gun_name_81	gui_gun_desc_81	gun_81.mesh	gun_81	6	1	442	1	18	500	0	0.5	0	0.2	4	0	203	smg_reload	125	0	127	gun.81	6	30	0.2	1#0.33#0.15#1	0.8#0.28#0.71#1	2	35	3	default	default	none	1	0	0	5	1	default	1.0#0.55#0.19#1	default	1.0#0.55#0.19#1
еҷ¬ж—ҘиҖ…	798	gui_gun_name_83	gui_gun_desc_83	gun_83.mesh	gun_83	6	1	442	1	40	500	0	0.3	0	0.2	9	0	121	smg_reload	125	0	127	gun.83	6	12	0.2	1#0.23#0.13#1.5	1#0.24#0.71#1	2	35	3	default	default	none	0	0	0	0	1	default	1.0#0.55#0.19#1	default	1.0#0.55#0.19#1
p90	799	gui_gun_name_73	gui_gun_desc_73	gun_73.mesh	gun_73	6	1	442	1	30	500	0	0.24	0	0.2	2	0	122	smg_reload	125	0	127	gun.73	6	12	0.2	1#0.37#0.2#1	0.7#0.27#0.76#1	2	35	2	default	default	none	0	0	0	0	1	default	1.0#0.55#0.19#1	default	1.0#0.55#0.19#1
AUGжӯҘжһӘ	800	gui_gun_name_71	gui_gun_desc_71	gun_71.mesh	gun_71	6	1	442	1	25	500	0	0.3	4	0.2	2	0	121	smg_reload	125	0	127	gun.71	6	24	0.2	1#0.3#0.17#1	1#0.27#0.76#1	2	35	2	default	default	none	0	0	0	0	1	default	1.0#0.55#0.19#1	default	1.0#0.55#0.19#1
M4A1жӯҘжһӘ	801	gui_gun_name_75	gui_gun_desc_75	gun_75.mesh	gun_75	6	1	442	1	25	500	0	0.3	0	0.2	4	0	121	smg_reload	125	0	131	gun.75	6	24	0.2	2.1#0.45#0.23#1.6	1.15#0.27#0.71#1	2	35	1	default	default	none	0	0	0	0	1	default	1.0#0.55#0.19#1	default	1.0#0.55#0.19#1
AK-47жӯҘжһӘ	802	gui_gun_name_70	gui_gun_desc_70	gun_70.mesh	gun_70	6	1	442	1	30	500	0	0.35	0	0.2	6	0	121	smg_reload	125	0	127	gun.70	6	18	0.2	2.1#0.57#0.27#1.6	1.05#0.27#0.71#1	2	35	2	default	default	none	0	0	0	5	1	default	1.0#0.55#0.19#1	default	1.0#0.55#0.19#1
еӨӘйҳіе°„зәҝ	803	gui_gun_name_80	gui_gun_desc_80	gun_80.mesh	gun_80	11	1	442	1	50	500	0	0.1	0	0.2	2	0	204	smg_reload	125	0	126	gun.80	6	36	0.2	2.1#0.6#0.27#1.6	0.95#0.27#0.75#1.5	2	35	0	effect_gun_electricity_blue.effect	none	none	0	0	0	0	0	effect_gun_electricity_blue.effect	1.0#0.55#0.19#1	none	1.0#0.55#0.19#1
uzi	804	gui_gun_name_74	gui_gun_desc_74	gun_74.mesh	gun_74	6	1	442	1	30	500	0	0.13	0	0.2	2	0	121	smg_reload	125	0	127	gun.74	6	12	0.2	2.1#1.2#0.45#1.6	0.45#0.3#0.7#1	2	35	1	default	default	none	0	0	0	0	1	default	1.0#0.55#0.19#1	default	1.0#0.55#0.19#1
е°је°”зҡ„еӣһе“Қ	805	gui_gun_name_82	gui_gun_desc_82	gun_82.mesh	gun_82	8	1	442	3	18	500	0	0.4	0	0.2	5	0	201	smg_reload	125	0	126	gun.82	6	30	0.2	2.1#0.5#0.12#1.6	1#0.27#0.65#1.5	2	35	1	default	default	none	1	0	0	0	0	default	1.0#0.55#0.19#1	default	1.0#0.55#0.19#1
usp	806	gui_gun_name_67	gui_gun_desc_67	gun_67.mesh	gun_67	6	1	441	1	10	500	0	0.6	0	0.2	3	0	121	pistol_reload	125	0	126	gun.67	6	12	0.2	2.1#1.2#0.65#1.6	1#-0.04#0.4#1	3	20	3	default	default	none	0	0	0	0	1	default	1.0#0.55#0.19#1	default	1.0#0.55#0.19#1
иЎҖд№ӢзӢӮжҡҙ	807	gui_gun_name_95	gui_gun_desc_95	gun_95.mesh	gun_95	6	1	441	1	8	500	0	0.8	0	0.2	5	0	132	pistol_reload	125	0	127	gun.95	6	18	0.2	2.1#0.85#0.4#1.6	1.2#-0.14#0.35#1	3	20	4	default	default	none	0	0	0	0	1	default	1.0#0.55#0.19#1	default	1.0#0.55#0.19#1
йҹіжіўжһӘ	808	gui_gun_name_93	gui_gun_desc_93	gun_93.mesh	gun_93	10	1	441	1	30	500	0	0.25	0	0.2	2	0	204	pistol_reload	125	0	127	gun.93	6	24	0.2	2.2#1#0.4#1.6	1.1#-0.12#0.33#1	3	20	0	default	none	none	0	0	0	0	0	default	1.0#0.55#0.19#1	none	1.0#0.55#0.19#1
зҒӯз»қиҖ…	809	gui_gun_name_98	gui_gun_desc_98	gun_98.mesh	gun_98	6	1	441	1	48	500	0	0.2	0	0.2	6	0	120	pistol_reload	125	0	127	gun.98	6	12	0.2	3#1.05#0.5#1.6	1.37#-0.19#0.38#1	3	20	2	default	default	none	0	0	0	0	1	default	1.0#0.55#0.19#1	default	1.0#0.55#0.19#1
жө·еҫ·жӢүзҡ„еҗҗжҒҜ	810	gui_gun_name_99	gui_gun_desc_99	gun_99.mesh	gun_99	6	1	441	1	15	500	0	0.4	0	0.2	7	0	120	pistol_reload	125	0	127	gun.99	6	18	0.2	2.1#0.7#0.27#1.6	1.3#-0.15#0.35#1.5	3	20	2	default	default	none	0	0	0	0	1	default	1.0#0.55#0.19#1	default	1.0#0.55#0.19#1
ж јжҙӣе…Ӣ	811	gui_gun_name_66	gui_gun_desc_66	gun_66.mesh	gun_66	6	1	441	1	12	500	0	0.5	0	0.2	6	0	120	pistol_reload	125	0	127	gun.66	6	18	0.2	2.7#1.05#0.5#2	1.3#-0.17#0.38#1	3	20	3	default	default	none	0	0	0	0	1	default	1.0#0.55#0.19#1	default	1.0#0.55#0.19#1
еҲҶиЈӮиҖ…	812	gui_gun_name_97	gui_gun_desc_97	gun_97.mesh	gun_97	8	1	441	3	8	500	0	0.8	0	0.2	6	0	120	pistol_reload	125	0	127	gun.97	6	30	0.2	1#0.35#0.13#1	1.4#-0.2#0.35#1	3	20	2	default	default	none	0	0	0	0	0	default	1.0#0.55#0.19#1	default	1.0#0.55#0.19#1
зӮҺе°”зҡ„е·ҰиҪ®	813	gui_gun_name_94	gui_gun_desc_94	gun_94.mesh	gun_94	6	1	441	1	12	500	0	0.5	0	0.2	6	0	132	pistol_reload	125	0	127	gun.94	6	24	0.2	1.0#0.32#0.12#1	1.3#-0.17#0.33#1	3	20	2	default	default	none	0	0	0	0	1	default	1.0#0.55#0.19#1	default	1.0#0.55#0.19#1
зҢҺеӨҙиҖ…	814	gui_gun_name_65	gui_gun_desc_65	gun_65.mesh	gun_65	13	1	446	1	8	500	0	1.6	10	0.2	45	0	202	smg_reload	125	0	127	gun.65	10	24	0.4	2.6#0.42#0.12#1	1.12#0.26#0.65#1	0	0	10	effect_gun_electricity_purple.effect	none	none	0	0	0	0	0	effect_gun_electricity_purple.effect	1.0#0.55#0.19#1	none	1.0#0.55#0.19#1
SSG	815	gui_gun_name_68	gui_gun_desc_68	gun_68.mesh	gun_68	7	1	446	1	5	500	0	2	10	0.2	10	0	133	smg_reload	125	0	127	gun.68	10	24	0.4	2.6#0.42#0.12#1	1.38#0.26#0.67#1	0	0	5	default	default	effect_gun_sniper_explosion.effect	0	0	0	0	0	default	1.0#0.55#0.19#1	default	1.0#0.55#0.19#1
еҶІй”ӢзӢҷеҮ»жһӘ	816	gui_gun_name_89	gui_gun_desc_89	gun_89.mesh	gun_89	7	1	446	1	15	500	0	0.5	10	0.2	3	0	133	smg_reload	125	0	127	gun.89	10	24	0.4	2.35#0.48#0.12#1	1.15#0.26#0.65#1	0	0	5	default	default	effect_gun_sniper_explosion.effect	0	0	0	0	0	default	1.0#0.55#0.19#1	default	1.0#0.55#0.19#1
еҺҹеһӢзӢҷеҮ»жһӘ	817	gui_gun_name_92	gui_gun_desc_92	gun_92.mesh	gun_92	7	1	446	1	8	500	0	1.2	10	0.2	14	0	133	smg_reload	125	0	127	gun.92	10	36	0.4	2.0#0.3#0.16#1	1.2#0.26#0.72#1	0	0	7	default	default	effect_gun_sniper_explosion.effect	0	0	0	0	0	default	1.0#0.55#0.19#1	default	1.0#0.55#0.19#1
AWP	818	gui_gun_name_69	gui_gun_desc_69	gun_69.mesh	gun_69	7	1	446	1	6	500	0	1.8	10	0.2	20	0	133	smg_reload	125	0	127	gun.69	10	36	0.4	2.6#0.4#0.115#1	1.45#0.26#0.66#1	0	0	8	default	default	effect_gun_sniper_explosion.effect	0	0	0	0	0	default	1.0#0.55#0.19#1	default	1.0#0.55#0.19#1
иҝңзЁӢзӢҷеҮ»жһӘ	819	gui_gun_name_91	gui_gun_desc_91	gun_91.mesh	gun_91	7	1	446	1	8	500	0	1.5	10	0.2	26	0	133	smg_reload	125	0	127	gun.91	10	36	0.4	2.0#0.43#0.22#1	1.02#0.26#0.74#1	0	0	8	default	default	effect_gun_sniper_explosion.effect	0	0	0	0	0	default	1.0#0.55#0.19#1	default	1.0#0.55#0.19#1
еҘҘдёҒд№Ӣе…ү	820	gui_gun_name_90	gui_gun_desc_90	gun_90.mesh	gun_90	7	1	446	1	12	500	0	0.96	10	0.2	17	0	133	smg_reload	125	0	127	gun.90	10	24	0.4	2.3#0.34#0.13#1	1.32#0.26#0.7#1	0	0	6	default	default	effect_gun_sniper_explosion.effect	0	0	0	0	0	default	1.0#0.55#0.19#1	default	1.0#0.55#0.19#1
й“¶еј№в—ҸжҜ’	821	gui_gun_name_64	gui_gun_desc_64	gun_64.mesh	gun_64	13	1	446	1	8	500	0	1.7	10	0.2	40	0	202	smg_reload	125	0	127	gun.64	10	36	0.4	2.1#0.34#0.18#1	1.2#0.26#0.7#1	0	0	8	effect_gun_electricity_purple.effect	none	none	0	0	0	0	0	effect_gun_electricity_purple.effect	1.0#0.55#0.19#1	none	1.0#0.55#0.19#1
еҶ°йңңзҒ«з®ӯзӯ’	822	gui_gun_name_63	gui_gun_desc_63	gun_63.mesh	gun_63	9	1	444	1	12	500	0	1.2	0	0.2	26	0	205	smg_reload	125	0	127	gun.63	3	48	0.2	2.2#0.34#0.165#1	1.3#0.26#0.7#1	5	50	0	effect_gun_mortar_bullet.effect	none	default	0	1.5	0.04	0	0	effect_gun_mortar_bullet.effect	1.0#0.55#0.19#1	none	1.0#0.55#0.19#1
йҮҚеһӢзҒ«з®ӯзӯ’	823	gui_gun_name_78	gui_gun_desc_78	gun_78.mesh	gun_78	9	1	444	1	6	500	0	1.5	0	0.2	6	0	205	smg_reload	125	0	127	gun.78	3	60	0.2	0.9#0.14#0.06#1	0.9#0.26#0.65#1	5	50	0	effect_gun_mortar_bullet.effect	none	default	0	1.5	0.04	0	0	effect_gun_mortar_bullet.effect	1.0#0.55#0.19#1	none	1.0#0.55#0.19#1
дҫҝжҗәзҒ«з®ӯзӯ’	824	gui_gun_name_76	gui_gun_desc_76	gun_76.mesh	gun_76	9	1	444	1	12	500	0	1.1	0	0.2	7	0	205	smg_reload	125	0	126	gun.76	3	54	0.2	0.9#0.16#0.05#1	1#0.26#0.68#1	5	50	0	effect_gun_mortar_bullet.effect	none	default	0	1.5	0.04	0	0	effect_gun_mortar_bullet.effect	1.0#0.55#0.19#1	none	1.0#0.55#0.19#1
зҲҶиЈӮд№ӢзӮҺ	825	gui_gun_name_62	gui_gun_desc_62	gun_62.mesh	gun_62	9	1	444	1	12	500	0	0.9	0	0.2	11	0	205	smg_reload	125	0	127	gun.62	3	60	0.2	0.9#0.2#0.1#1	1#0.26#0.75#1	5	50	0	effect_gun_mortar_bullet.effect	none	default	0	1.5	0.04	0	0	effect_gun_mortar_bullet.effect	1.0#0.55#0.19#1	none	1.0#0.55#0.19#1
ж—¶й—ҙзҒ«з®ӯзӯ’	826	gui_gun_name_61	gui_gun_desc_61	gun_61.mesh	gun_61	9	1	444	1	12	500	0	1	0	0.2	12	0	205	smg_reload	125	0	127	gun.61	3	54	0.2	0.9#0.23#0.1#1	0.88#0.26#0.72#1	5	50	0	effect_gun_mortar_bullet.effect	none	default	0	1.5	0.04	0	0	effect_gun_mortar_bullet.effect	1.0#0.55#0.19#1	none	1.0#0.55#0.19#1
иҮҙе‘ҪдјӨз—•	827	gui_gun_name_79	gui_gun_desc_79	gun_79.mesh	gun_79	9	1	444	1	9	500	0	1	0	0.2	8	0	205	smg_reload	125	0	127	gun.79	3	54	0.2	1.0#0.18#0.07#1	1.03#0.26#0.68#1	5	50	0	effect_gun_mortar_bullet.effect	none	default	0	1.5	0.04	0	0	effect_gun_mortar_bullet.effect	1.0#0.55#0.19#1	none	1.0#0.55#0.19#1
еҷӨеЈ°иҖ…	828	gui_gun_name_77	gui_gun_desc_77	gun_77.mesh	gun_77	9	1	444	1	9	500	0	1.2	0	0.2	20	0	205	smg_reload	125	0	127	gun.77	3	60	0.2	1.0#0.18#0.06#1	1.1#0.26#0.68#1	5	50	0	effect_gun_mortar_bullet.effect	none	default	0	1.5	0.04	0	0	effect_gun_mortar_bullet.effect	1.0#0.55#0.19#1	none	1.0#0.55#0.19#1
й“¶еј№в—Ҹж°ҙ	829	gui_gun_name_101	gui_gun_desc_101	gun_101.mesh	gun_101	13	1	446	1	6	500	0	1.5	10	0.2	27	0	202	smg_reload	125	0	127	gun.101	10	42	0.2	1.0#0.2#0.1#1	1.15#0.25#0.73#1	0	0	8	effect_gun_electricity_purple.effect	none	none	0	0	0	0	0	effect_gun_electricity_purple.effect	1.0#0.55#0.19#1	none	1.0#0.55#0.19#1
е°је°”зҡ„жҜ’зүҷ	830	gui_gun_name_102	gui_gun_desc_102	gun_102.mesh	gun_102	9	1	444	1	12	500	0	1	0	0.2	17	0	205	smg_reload	125	0	127	gun.102	3	60	0.2	1.0#0.22#0.12#1	1#0.252#0.746#1	5	50	0	effect_gun_mortar_bullet.effect	none	default	0	1.5	0.04	0	0	effect_gun_mortar_bullet.effect	1.0#0.55#0.19#1	none	1.0#0.55#0.19#1
зІҫеҮҶжӯҘжһӘ	831	gui_gun_name_103	gui_gun_desc_103	gun_103.mesh	gun_103	6	1	442	1	30	500	0	0.3	4	0.2	6	0	121	smg_reload	125	0	127	gun.103	6	18	0.2	1.0#0.253#0.12#1	1.38#-0.18#0.33#1	2	35	5	default	default	none	0	0	0	0	1	default	1.0#0.55#0.19#1	default	1.0#0.55#0.19#1
иҮҙе‘ҪдјӨз—•в—Ҹж”№	832	gui_gun_name_104	gui_gun_desc_104	gun_104.mesh	gun_104	9	1	444	1	15	500	0	0.6	0	0.2	10	0	205	smg_reload	125	0	127	gun.104	3	54	0.2	1.5#0.3#0.13#1	1.0#0.23#0.71#1	5	50	0	effect_gun_mortar_bullet.effect	none	default	0	1.5	0.04	0	0	effect_gun_mortar_bullet.effect	1.0#0.55#0.19#1	none	1.0#0.55#0.19#1
й«ҳеҺӢз”өжһӘ	833	gui_gun_name_105	gui_gun_desc_105	gun_105.mesh	gun_105	11	1	442	1	35	500	0	0.3	0	0.2	6	0	204	smg_reload	125	0	127	gun.105	6	30	0.2	1.6#0.35#0.28#1	0.95#0.275#0.81#1	2	35	0	effect_gun_electricity_blue.effect	none	none	0	0	0	0	0	effect_gun_electricity_blue.effect	1.0#0.55#0.19#1	none	1.0#0.55#0.19#1
йҮҸеӯҗиҒҡеҗҲиЈ…зҪ®	834	gui_gun_name_106	gui_gun_desc_106	gun_106.mesh	gun_106	6	1	442	1	30	500	0	0.24	0	0.2	6	0	121	smg_reload	125	0	127	gun.106	6	24	0.2	1.7#0.53#0.28#1	0.84#0.275#0.75#1	2	35	2	default	default	none	1	0	0	5	1	default	1.0#0.55#0.19#1	default	1.0#0.55#0.19#1
жө®жёёзӣҫжӯҘжһӘ	835	gui_gun_name_107	gui_gun_desc_107	gun_107.mesh	gun_107	6	1	442	1	25	500	0	0.3	0	0.2	6	0	121	smg_reload	125	0	127	gun.107	6	24	0.2	2.4#0.5#0.24#1	1.08#0.24#0.72#1	2	35	2	default	default	none	0	0	0	0	1	default	1.0#0.55#0.19#1	default	1.0#0.55#0.19#1
зӢӮжҡҙзӢҷеҮ»жһӘ	836	gui_gun_name_108	gui_gun_desc_108	gun_108.mesh	gun_108	7	1	446	1	10	500	0	1.2	10	0.2	28	0	133	smg_reload	125	0	127	gun.108	10	30	0.2	2.6#0.47#0.28#1	1.25#0.26#0.77#1	0	0	10	default	default	effect_gun_sniper_explosion.effect	0	0	0	0	0	default	1.0#0.55#0.19#1	default	1.0#0.55#0.19#1
зӮҺе°”зҡ„еҸіиҪ®	837	gui_gun_name_109	gui_gun_desc_109	gun_109.mesh	gun_109	9	1	441	1	12	500	0	0.72	0	0.2	12	0	205	pistol_reload	125	0	127	gun.109	3	48	0.2	2.6#0.91#0.31#1	1.35#-0.28#0.275#1	3	20	0	effect_gun_mortar_bullet.effect	none	default	0	1	0.04	0	0	effect_gun_mortar_bullet.effect	1.0#0.55#0.19#1	none	1.0#0.55#0.19#1
иЎҖд№ӢзӢӮжҡҙв—Ҹж”№	838	gui_gun_name_110	gui_gun_desc_110	gun_110.mesh	gun_110	6	1	441	1	18	500	0	0.36	0	0.2	9	0	132	pistol_reload	125	0	127	gun.110	6	18	0.2	2.3#0.95#0.35#1	1.2#-0.25#0.3#1	3	20	2	default	default	none	0	0	0	0	1	default	1.0#0.55#0.19#1	default	1.0#0.55#0.19#1
е°ҳеҹғд№Ӣе…ү	839	gui_gun_name_130	gui_gun_desc_130	gun_130.mesh	gun_130	6	1	442	1	35	500	0	0.36	0	0.2	11	0	121	pistol_reload	125	0	127	gun.130	6	18	0.2	0.9#0.35#0.2#1	0.8#0.33#0.75#1	2	35	3	default	default	none	0	0	0	0	1	default	1.0#0.55#0.19#1	default	1.0#0.55#0.19#1
й«ҳеҺӢж°ҙзӮ®	840	gui_gun_name_141	gui_gun_desc_141	gun_141.mesh	gun_141	8	1	442	5	24	500	0	0.5	0	0.2	12	1	207	pistol_reload	125	0	127	gun.141	6	36	0.2	1.2#0.6#0.25#1	0.9#0.35#0.7#1	2	35	2	effect_gun_water_bullet.effect	none	none	0	0	0	0	0	default	1.0#0.55#0.19#1	default	1.0#0.55#0.19#1
з–ҫйЈҺд№Ӣзҝј	841	gui_gun_name_126	gui_gun_desc_126	gun_126.mesh	gun_126	6	1	442	1	20	500	0	0.36	0	0.2	9	0	203	pistol_reload	125	0	127	gun.126	6	24	0.2	0.9#0.4#0.2#1	0.6#0.3#0.75#1	2	35	2	default	default	none	0	0	0	5	1	default	1.0#0.55#0.19#1	default	1.0#0.55#0.19#1
йӣ·йёЈ	842	gui_gun_name_137	gui_gun_desc_137	gun_137.mesh	gun_137	11	1	442	1	32	500	0	0.15	0	0.2	4	0	204	pistol_reload	125	0	127	gun.137	6	30	0.2	0.9#0.32#0.2#1	0.9#0.33#0.83#1	2	35	0	effect_gun_electricity_blue.effect	none	none	0	0	0	0	0	default	1.0#0.55#0.19#1	default	1.0#0.55#0.19#1
зҢҺйӯӮйӘ‘еЈ«	843	gui_gun_name_131	gui_gun_desc_131	gun_131.mesh	gun_131	8	1	442	3	15	500	0	0.6	0	0.2	12	0	203	pistol_reload	125	0	127	gun.131	6	24	0.2	0.9#0.41#0.18#1	0.65#0.3#0.75#1	2	35	1	default	default	none	0	0	0	5	0	default	1.0#0.55#0.19#1	default	1.0#0.55#0.19#1
зӢӮиҹ’д№Ӣеҗ»	844	gui_gun_name_138	gui_gun_desc_138	gun_138.mesh	gun_138	6	1	442	1	35	500	0	0.27	0	0.2	9	0	121	pistol_reload	125	0	127	gun.138	6	30	0.2	1.3#0.35#0.2#1	1.16#0.34#0.75#1	2	35	2	default	default	none	0	0	0	0	1	default	1.0#0.55#0.19#1	default	1.0#0.55#0.19#1
з”өеӯҗи„үеҶІ	845	gui_gun_name_146	gui_gun_desc_146	gun_146.mesh	gun_146	11	1	441	1	36	500	0	0.24	0	0.2	6	0	120	pistol_reload	125	0	127	gun.146	6	12	0.2	1.3#0.75#0.5#1	0.62#0.3#0.75#1	3	20	0	effect_gun_electricity_blue_plus.effect	none	none	0	0	0	0	0	default	1.0#0.55#0.19#1	default	1.0#0.55#0.19#1
еҶ°е°Ғйӯ”е…ё	846	gui_gun_name_145	gui_gun_desc_145	gun_145.mesh	gun_145	6	1	441	1	8	500	0	0.75	0	0.2	21	0	206	pistol_reload	125	0	127	gun.145	6	36	0.2	0.4#0.33#0#1	0.9#-0.03#0.1#1	3	20	4	effect_gun_magic_bullet.effect	effect_gun_magic_flame.effect	effect_gun_magic_explosion.effect	0	0	0	0	1	default	1.0#0.55#0.19#1	default	1.0#0.55#0.19#1
иҖҚзҢҙжҠҠжҲҸ	847	gui_gun_name_125	gui_gun_desc_125	gun_125.mesh	gun_125	6	1	441	1	15	500	0	0.4	0	0.2	10	0	120	pistol_reload	125	0	127	gun.125	6	24	0.2	1.1#0.75#0.35#0.9	0.65#0.3#0.75#1	3	20	4	effect_gun_water_bullet.effect	none	none	1	0	0	0	1	default	1.0#0.55#0.19#1	default	1.0#0.55#0.19#1
зҢҺз©ә	848	gui_gun_name_147	gui_gun_desc_147	gun_147.mesh	gun_147	6	1	441	1	10	500	0	0.6	0	0.2	17	0	120	pistol_reload	125	0	127	gun.147	6	18	0.2	2#1#0.55#1.5	1.3#-0.18#0.3#1	3	20	4	default	default	none	0	0	0	0	1	default	1.0#0.55#0.19#1	default	1.0#0.55#0.19#1
ең°зӢұзҠ¬	849	gui_gun_name_140	gui_gun_desc_140	gun_140.mesh	gun_140	8	1	441	3	5	500	0	1.6	0	0.2	36	0	201	pistol_reload	125	0	127	gun.140	6	36	0.2	1.3#0.65#0.27#1	1.25#-0.15#0.11#1	3	20	2	default	default	none	0	0	0	0	0	default	1.0#0.55#0.19#1	default	1.0#0.55#0.19#1
зӮҪзғӯе…үзәҝ	850	gui_gun_name_142	gui_gun_desc_142	gun_142.mesh	gun_142	12	1	441	1	15	500	0	0.65	0	0.2	4	0	204	pistol_reload	125	0	127	gun.142	6	18	0.2	1.4#0.75#0.35#0.9	0.8#0.3#0.72#1	3	20	4	effect_gun_laser_red.effect	none	none	0	0	0	0	0	default	1.0#0.55#0.19#1	default	1.0#0.55#0.19#1
йӯ”йҫҷд№ӢйӯӮ	851	gui_gun_name_128	gui_gun_desc_128	gun_128.mesh	gun_128	13	1	446	1	10	500	0	1.6	10	0.2	45	0	204	pistol_reload	125	0	127	gun.128	10	24	0.2	1.4#0.48#0.3#1	1.3#0.37#0.85#1	0	0	8	effect_gun_electricity_purple_plus.effect	none	none	0	0	0	0	0	default	1.0#0.55#0.19#1	default	1.0#0.55#0.19#1
жҜ’ж¶І	852	gui_gun_name_139	gui_gun_desc_139	gun_139.mesh	gun_139	7	1	446	1	8	500	0	1.5	10	0.2	41	0	133	pistol_reload	125	0	127	gun.139	10	42	0.2	1.6#0.5#0.28#1	1#0.25#0.77#1	0	0	7	default	default	effect_gun_sniper_explosion.effect	0	0	0	0	0	default	1.0#0.55#0.19#1	default	1.0#0.55#0.19#1
жЈұй•ң	853	gui_gun_name_129	gui_gun_desc_129	gun_129.mesh	gun_129	7	1	446	1	7	500	0	1.8	10	0.2	58	0	133	pistol_reload	125	0	127	gun.129	10	36	0.2	1.6#0.58#0.32#1	0.85#0.33#0.8#1	0	0	10	default	default	effect_gun_sniper_explosion.effect	0	0	0	0	0	default	1.0#0.55#0.19#1	default	1.0#0.55#0.19#1
й“¶иүІзҚ зүҷ	884	gui_gun_name_127	gui_gun_desc_127	gun_127.mesh	gun_127	9	1	444	1	15	500	0	1	0	0.2	21	1	205	pistol_reload	125	0	127	gun.127	4	48	0.2	2#0.8#0.45#1.5	0.7#0.28#0.9#1	0	0	0	effect_gun_magic_bullet.effect	effect_gun_magic_flame.effect	default	0	2	0.04	0	0	default	1.0#0.55#0.19#1	default	1.0#0.55#0.19#1
з”өжөҶиҪЁйҒ“зӮ®	885	gui_gun_name_133	gui_gun_desc_133	gun_133.mesh	gun_133	9	1	444	1	7	500	0	1.65	0	0.2	32	0	205	pistol_reload	125	0	127	gun.133	3	60	0.2	1#0.36#0.2#1.5	0.75#0.3#0.75#1	0	0	0	effect_gun_mortar_bullet.effect	none	default	0	1.5	0.04	0	0	default	1.0#0.55#0.19#1	default	1.0#0.55#0.19#1
зҲҶзӮҺж—ӢйЈҺ	886	gui_gun_name_132	gui_gun_desc_132	gun_132.mesh	gun_132	9	1	444	1	12	500	0	0.72	0	0.2	17	0	205	pistol_reload	125	0	127	gun.132	3	60	0.2	0.9#0.44#0.2#1	0.59#0.32#0.75#1	0	0	0	effect_gun_mortar_bullet.effect	none	default	0	1.5	0.04	0	0	default	1.0#0.55#0.19#1	default	1.0#0.55#0.19#1
и“қиүІе№»еҪұ	887	gui_gun_name_160	gui_gun_desc_160	gun_160.mesh	gun_160	6	1	442	1	30	500	0	0.36	0	0.2	7	0	121	pistol_reload	125	0	127	gun.160	6	30	0.2	1.1#0.385#0.19#0.5	0.78#0.27#0.94#1	0	0	2	default	default	none	0	0	0	0	1	default	1.0#0.55#0.19#1	default	1.0#0.55#0.19#1
зҲҶиғҪз»Ҳз»“иҖ…	888	gui_gun_name_164	gui_gun_desc_164	gun_164.mesh	gun_164	9	1	444	1	12	500	0	0.72	0	0.2	16	0	205	pistol_reload	125	0	127	gun.164	3	60	0.2	1.15#0.43#0.19#0.65	0.68#0.28#0.88#1	0	0	0	effect_gun_mortar_bullet.effect	none	default	0	1.5	0.04	0	0	default	1.0#0.55#0.19#1	default	1.0#0.55#0.19#1
зәўиүІйЈҺжҡҙ	889	gui_gun_name_152	gui_gun_desc_152	gun_152.mesh	gun_152	6	1	442	1	35	500	0	0.36	0	0.2	11	0	205	pistol_reload	125	0	127	gun.152	5	12	0.2	1.15#0.43#0.19#0.65	0.68#0.28#0.88#1	0	0	3	effect_gun_default_pink.effect	effect_gun_default_pink_flame.effect	none	0	0	0	0	1	default	1.0#0.55#0.19#1	default	1.0#0.55#0.19#1
ж„ҹжҹ“иҖ…зҡ„жӯҘжһӘ	890	gui_gun_name_158	gui_gun_desc_158	gun_158.mesh	gun_158	6	1	442	1	35	500	0	0.15	0	0.2	2	0	205	pistol_reload	125	0	127	gun.158	5	24	0.2	3#0.84#0.65#1	1#0.28#0.88#1	0	0	2	effect_gun_default_green.effect	default	none	0	0	0	0	1	default	1.0#0.55#0.19#1	default	1.0#0.55#0.19#1
зІүиүІе№»еҪұ	891	gui_gun_name_159	gui_gun_desc_159	gun_159.mesh	gun_159	8	1	442	3	15	500	0	0.5	0	0.2	6	0	205	pistol_reload	125	0	127	gun.159	5	36	0.2	1.15#0.43#0.19#0.65	0.68#0.28#0.88#1	0	0	1	default	default	none	0	0	0	0	0	default	1.0#0.55#0.19#1	default	1.0#0.55#0.19#1
дҝқжҠӨдјһ	892	gui_gun_name_150	gui_gun_desc_150	gun_150.mesh	gun_150	6	1	442	1	20	500	0	0.45	0	0.2	8	0	205	pistol_reload	125	0	127	gun.150	6	24	0.2	1.15#0.43#0.19#0.65	0.68#0.28#0.88#1	0	0	2	effect_gun_water_bullet.effect	none	none	0	0	0	0	1	default	1.0#0.55#0.19#1	default	1.0#0.55#0.19#1
жіўж–ҜзҢ«	893	gui_gun_name_148	gui_gun_desc_148	gun_148.mesh	gun_148	11	1	442	1	30	500	0	0.2	0	0.2	4	0	205	pistol_reload	125	0	127	gun.148	6	30	0.2	1.15#0.43#0.19#0.65	0.68#0.28#0.88#1	0	0	0	effect_gun_electricity_purple_plus.effect	none	none	0	0	0	0	0	default	1.0#0.55#0.19#1	default	1.0#0.55#0.19#1
жҹҜеҹә	894	gui_gun_name_149	gui_gun_desc_149	gun_149.mesh	gun_149	11	1	442	1	30	500	0	0.2	0	0.2	4	0	205	pistol_reload	125	0	127	gun.149	6	30	0.2	1.15#0.43#0.19#0.65	0.68#0.28#0.88#1	0	0	0	effect_gun_electricity_purple_plus.effect	none	none	0	0	0	0	0	default	1.0#0.55#0.19#1	default	1.0#0.55#0.19#1
зҙ«иүІеҲҮеүІиҖ…	895	gui_gun_name_166	gui_gun_desc_166	gun_166.mesh	gun_166	11	1	442	1	25	500	0	0.3	0	0.2	7	0	205	pistol_reload	125	0	127	gun.166	6	30	0.2	1.15#0.43#0.19#0.65	0.68#0.28#0.88#1	0	0	0	effect_gun_electricity_blue.effect	none	none	0	0	0	0	0	default	1.0#0.55#0.19#1	default	1.0#0.55#0.19#1
еҶ°йӯ„	896	gui_gun_name_168	gui_gun_desc_168	gun_168.mesh	gun_168	8	1	442	3	10	500	0	1	0	0.2	23	0	205	pistol_reload	125	0	127	gun.168	5	36	0.2	1.15#0.43#0.19#0.65	0.68#0.28#0.88#1	0	0	1	default	default	none	0	0	0	0	0	default	1.0#0.55#0.19#1	default	1.0#0.55#0.19#1
ејӮжҳҹзӘҒеҮ»	897	gui_gun_name_167	gui_gun_desc_167	gun_167.mesh	gun_167	6	1	441	1	30	500	0	0.3	0	0.2	9	0	205	pistol_reload	125	0	127	gun.167	6	18	0.2	1.15#0.43#0.19#0.65	0.68#0.28#0.88#1	0	0	4	effect_gun_default_pink.effect	effect_gun_default_pink_flame.effect	none	0	0	0	0	1	default	1.0#0.55#0.19#1	default	1.0#0.55#0.19#1
жҳҹзҲҶ	898	gui_gun_name_165	gui_gun_desc_165	gun_165.mesh	gun_165	8	1	441	3	18	500	0	0.4	0	0.2	5	0	205	pistol_reload	125	0	127	gun.165	6	36	0.2	1.15#0.43#0.19#0.65	0.68#0.28#0.88#1	0	0	2	default	default	none	0	0	0	0	0	default	1.0#0.55#0.19#1	default	1.0#0.55#0.19#1
зЎ«й…ё	899	gui_gun_name_155	gui_gun_desc_155	gun_155.mesh	gun_155	6	1	441	1	36	500	0	0.26	0	0.2	5	0	205	pistol_reload	125	0	127	gun.155	6	18	0.2	1.15#0.43#0.19#0.65	0.68#0.28#0.88#1	0	0	4	effect_gun_default_green.effect	effect_gun_default_green_flame.effect	none	0	0	0	0	1	default	1.0#0.55#0.19#1	default	1.0#0.55#0.19#1
й”ҰйІӨ	2301	gui_gun_name_151	gui_gun_desc_151	gun_151.mesh	gun_151	6	1	441	1	12	500	0	0.6	0	0.2	14	1	205	pistol_reload	125	0	127	gun.151	6	12	0.2	1.15#0.43#0.19#0.65	0.68#0.28#0.88#1	0	0	4	effect_gun_water_bullet.effect	none	none	0	0	0	0	1	default	1.0#0.55#0.19#1	default	1.0#0.55#0.19#1
жҺЁеңҹжңә	2302	gui_gun_name_156	gui_gun_desc_156	gun_156.mesh	gun_156	9	1	441	1	45	500	0	0.16	0	0.2	4	0	205	pistol_reload	125	0	127	gun.156	6	18	0.2	1.15#0.43#0.19#0.65	0.68#0.28#0.88#1	0	0	0	effect_gun_mortar_bullet.effect	none	default	0	1.5	0.04	0	0	default	1.0#0.55#0.19#1	default	1.0#0.55#0.19#1
зҘһд№Ӣзһі	2303	gui_gun_name_170	gui_gun_desc_170	gun_170.mesh	gun_170	13	1	446	1	12	500	0	1.2	10	0.2	34	0	205	pistol_reload	125	0	127	gun.170	10	24	0.2	1.15#0.43#0.19#0.65	0.68#0.28#0.88#1	0	0	6	effect_gun_electricity_purple_plus.effect	none	none	0	0	0	0	0	default	1.0#0.55#0.19#1	default	1.0#0.55#0.19#1
зәўиҺІд№ӢжҖ’	2304	gui_gun_name_169	gui_gun_desc_169	gun_169.mesh	gun_169	6	1	446	1	15	500	0	0.4	10	0.2	7	0	205	pistol_reload	125	0	127	gun.169	10	42	0.2	1.15#0.43#0.19#0.65	0.68#0.28#0.88#1	0	0	4	effect_gun_default_red.effect	effect_gun_default_red_flame.effect	none	0	0	0	0	0	default	1.0#0.55#0.19#1	default	1.0#0.55#0.19#1
зҲҶиЈӮйӯ”жқ–	2305	gui_gun_name_153	gui_gun_desc_153	gun_153.mesh	gun_153	9	1	444	1	18	500	0	0.6	0	0.2	13	0	205	pistol_reload	125	0	127	gun.153	3	48	0.2	1.15#0.43#0.19#0.65	0.68#0.28#0.88#1	0	0	0	effect_gun_default_magic.effect	effect_gun_default_magic_flame.effect	effect_gun_magic_explosion.effect	0	2.5	0.04	0	0	default	1.0#0.55#0.19#1	default	1.0#0.55#0.19#1
зўҺйӯӮиҖ…	2306	gui_gun_name_161	gui_gun_desc_161	gun_161.mesh	gun_161	9	1	444	1	9	500	0	1.25	0	0.2	24	0	205	pistol_reload	125	0	127	gun.161	3	60	0.2	1.15#0.43#0.19#0.65	0.68#0.28#0.88#1	0	0	0	effect_gun_mortar_bullet.effect	none	default	0	1.5	0.04	0	0	default	1.0#0.55#0.19#1	default	1.0#0.55#0.19#1
зҒ«йә’йәҹ	2307	gui_gun_name_157	gui_gun_desc_157	gun_157.mesh	gun_157	9	1	444	1	12	500	0	0.72	0	0.2	17	0	205	pistol_reload	125	0	127	gun.157	3	54	0.2	1.15#0.43#0.19#0.65	0.68#0.28#0.88#1	0	0	0	effect_gun_mortar_bullet.effect	none	default	0	1.5	0.04	0	0	default	1.0#0.55#0.19#1	default	1.0#0.55#0.19#1
жҳҹз©әжһӘ	2337	gui_gun_name_171	gui_gun_desc_171	gun_171.mesh	gun_171	6	1	442	1	100	60	0	1	0	0.2	0	0	121	smg_reload	125	0	127	gun.71	1	24	0.2	1#0.35#0.1#1.0	1.08#0.2#0.9#1.0	2	35	0	effect_gun_fireworks_bullet.effect	default	effect_gun_fireworks_explosion.effect	0	10	0	0	1	default	1.0#0.55#0.19#1	default	1.0#0.55#0.19#1
